/	200
/movies	200
/tv	200
/anime	200
/search	200
/discover	200
/new	200
/top10	200
/my-list	200
/favorites	200
/history	200
/profile	200
/settings	200
/providers	200
/provider/vidfast	200
/streaming/vidfast	200
/movie/550	200
/tv/1399	200
/anime/52991	200
/person/1	200
/collection/10	200
/genre/movie/28	200
/world-cinema	200
/browse	200
/landing	200
/offline	200
/auth/login	200
/auth/sign-up	200
/watch/movie/550	200
/watch/tv/1399/1/1	200
/watch/anime/52991/1	200
/watch/dev-fixture	404
/_not-found	404
